path,label,rust_score
data/images/multispec_binary/0.jpg,not_rust,0.0006459806463681161
data/images/multispec_binary/1.jpg,not_rust,0.00024033417867030948
data/images/multispec_binary/2.jpg,not_rust,0.0028421632014214993
data/images/multispec_binary/3.jpg,not_rust,0.0004995823837816715
data/images/multispec_binary/4.jpg,not_rust,0.003010971937328577
data/images/multispec_binary/5.jpg,not_rust,0.0002848469594027847
data/images/multispec_binary/6.jpg,not_rust,0.0030683926306664944
data/images/multispec_binary/7.jpg,not_rust,0.05722105875611305
data/images/multispec_binary/8.jpg,not_rust,0.010671610943973064
data/images/multispec_binary/9.jpg,not_rust,0.001490859896875918
data/images/multispec_binary/10.jpg,not_rust,0.007376750465482473
data/images/multispec_binary/11.jpg,not_rust,0.0015120976604521275
data/images/multispec_binary/12.jpg,not_rust,0.0025394796393811703
data/images/multispec_binary/13.jpg,not_rust,0.0010221287375316024
data/images/multispec_binary/14.jpg,not_rust,0.004036189988255501
data/images/multispec_binary/15.jpg,not_rust,0.0005670782993547618
data/images/multispec_binary/16.jpg,not_rust,0.00031643291004002094
data/images/multispec_binary/17.jpg,not_rust,0.0004933539894409478
data/images/multispec_binary/18.jpg,not_rust,0.010834346525371075
data/images/multispec_binary/19.jpg,not_rust,0.0007904969388619065
data/images/multispec_binary/20.jpg,not_rust,0.001160880085080862
data/images/multispec_binary/21.jpg,not_rust,0.00047478650230914354
data/images/multispec_binary/22.jpg,not_rust,0.15235202014446259
data/images/multispec_binary/23.jpg,not_rust,0.003727058880031109
data/images/multispec_binary/24.jpg,not_rust,0.003915494307875633
data/images/multispec_binary/25.jpg,not_rust,0.013035805895924568
data/images/multispec_binary/26.jpg,not_rust,0.001866611884906888
data/images/multispec_binary/27.jpg,not_rust,0.005746342707425356
data/images/multispec_binary/28.jpg,not_rust,0.0019018446328118443
data/images/multispec_binary/29.jpg,not_rust,0.0051294174045324326
data/images/multispec_binary/30.jpg,not_rust,0.005698488559573889
data/images/multispec_binary/31.jpg,not_rust,0.05618917569518089
data/images/multispec_binary/32.jpg,not_rust,0.0003037268470507115
data/images/multispec_binary/33.jpg,not_rust,0.0007254465017467737
data/images/multispec_binary/34.jpg,not_rust,0.0004855346633121371
data/images/multispec_binary/35.jpg,not_rust,0.0020066234283149242
data/images/multispec_binary/36.jpg,not_rust,0.0005029218154959381
data/images/multispec_binary/37.jpg,not_rust,0.00012313669139984995
data/images/multispec_binary/38.jpg,not_rust,0.001395065919496119
data/images/multispec_binary/39.jpg,not_rust,0.0012116992147639394
data/images/multispec_binary/40.jpg,not_rust,0.002529519610106945
data/images/multispec_binary/41.jpg,not_rust,0.0043785106390714645
data/images/multispec_binary/42.jpg,not_rust,0.0009592814603820443
data/images/multispec_binary/43.jpg,not_rust,0.012938096188008785
data/images/multispec_binary/45.jpg,not_rust,0.0007415585569106042
data/images/multispec_binary/46.jpg,not_rust,0.0020835765171796083
data/images/multispec_binary/47.jpg,not_rust,0.0020090758334845304
data/images/multispec_binary/48.jpg,not_rust,0.006771727930754423
data/images/multispec_binary/49.jpg,not_rust,0.012242150492966175
data/images/multispec_binary/50.jpg,not_rust,0.0014929990284144878
data/images/multispec_binary/51.jpg,not_rust,0.0001587428996572271
data/images/multispec_binary/52.jpg,not_rust,0.00021188592654652894
data/images/multispec_binary/53.jpg,not_rust,0.018583623692393303
data/images/multispec_binary/54.jpg,not_rust,0.0015590022085234523
data/images/multispec_binary/55.jpg,not_rust,0.0018444325542077422
data/images/multispec_binary/56.jpg,not_rust,0.0031387759372591972
data/images/multispec_binary/57.jpg,not_rust,0.0010450849076732993
data/images/multispec_binary/58.jpg,not_rust,0.008026031777262688
data/images/multispec_binary/59.jpg,not_rust,0.021194271743297577
data/images/multispec_binary/60.jpg,not_rust,0.0006199279450811446
data/images/multispec_binary/61.jpg,not_rust,0.002772534964606166
data/images/multispec_binary/62.jpg,not_rust,0.0003336295485496521
data/images/multispec_binary/63.jpg,not_rust,0.012617201544344425
data/images/multispec_binary/64.jpg,not_rust,0.039046525955200195
data/images/multispec_binary/65.jpg,not_rust,0.0012315177591517568
data/images/multispec_binary/66.jpg,not_rust,0.013226539827883244
data/images/multispec_binary/67.jpg,not_rust,0.001934587024152279
data/images/multispec_binary/68.jpg,not_rust,0.0009106729412451386
data/images/multispec_binary/69.jpg,not_rust,0.00023054418852552772
data/images/multispec_binary/70.jpg,not_rust,0.005437368061393499
data/images/multispec_binary/71.jpg,not_rust,0.12048584222793579
data/images/multispec_binary/72.jpg,not_rust,0.002570668002590537
data/images/multispec_binary/73.jpg,not_rust,0.010788889601826668
data/images/multispec_binary/74.jpg,not_rust,0.016772937029600143
data/images/multispec_binary/75.jpg,not_rust,0.00044144343701191247
data/images/multispec_binary/76.jpg,not_rust,0.0005154819809831679
data/images/multispec_binary/77.jpg,not_rust,0.00022075665765441954
data/images/multispec_binary/78.jpg,not_rust,0.0028383980970829725
data/images/multispec_binary/79.jpg,not_rust,0.00645744102075696
data/images/multispec_binary/80.jpg,not_rust,0.0023240316659212112
data/images/multispec_binary/81.jpg,not_rust,0.005745097063481808
data/images/multispec_binary/82.jpg,not_rust,0.0007398271118290722
data/images/multispec_binary/83.jpg,not_rust,0.0009917357238009572
data/images/multispec_binary/84.jpg,not_rust,0.0006947674555703998
data/images/multispec_binary/85.jpg,not_rust,0.0022808676585555077
data/images/multispec_binary/86.jpg,not_rust,0.0019113033777102828
data/images/multispec_binary/87.jpg,not_rust,0.009658675640821457
data/images/multispec_binary/88.jpg,not_rust,0.001549778156913817
data/images/multispec_binary/89.jpg,not_rust,0.00254044565372169
data/images/multispec_binary/90.jpg,not_rust,0.02015272155404091
data/images/multispec_binary/91.jpg,not_rust,0.0009919413132593036
data/images/multispec_binary/92.jpg,not_rust,0.00021945232583675534
data/images/multispec_binary/93.jpg,not_rust,0.01813063584268093
data/images/multispec_binary/94.jpg,not_rust,0.0003070447128266096
data/images/multispec_binary/95.jpg,not_rust,0.006490785628557205
data/images/multispec_binary/96.jpg,not_rust,0.001364884083159268
data/images/multispec_binary/97.jpg,not_rust,0.00023824071104172617
data/images/multispec_binary/98.jpg,not_rust,0.00048152246745303273
data/images/multispec_binary/99.jpg,not_rust,0.00034483082708902657
data/images/multispec_binary/100.jpg,not_rust,0.00991810578852892
data/images/multispec_binary/101.jpg,not_rust,0.0021198317408561707
data/images/multispec_binary/102.jpg,not_rust,0.0019325277535244823
data/images/multispec_binary/103.jpg,not_rust,0.0007526517147198319
data/images/multispec_binary/104.jpg,not_rust,0.0005637062713503838
data/images/multispec_binary/105.jpg,not_rust,0.00021705574181396514
data/images/multispec_binary/106.jpg,not_rust,0.004138590767979622
data/images/multispec_binary/107.jpg,not_rust,0.0010121777886524796
data/images/multispec_binary/108.jpg,not_rust,0.0003823990118689835
data/images/multispec_binary/109.jpg,not_rust,0.003017598995938897
data/images/multispec_binary/110.jpg,not_rust,0.011960784904658794
data/images/multispec_binary/111.jpg,not_rust,0.0008772407891228795
data/images/multispec_binary/112.jpg,not_rust,0.00023428729036822915
data/images/multispec_binary/113.jpg,not_rust,0.008134772069752216
data/images/multispec_binary/114.jpg,not_rust,0.014428648166358471
data/images/multispec_binary/115.jpg,not_rust,0.010330057702958584
data/images/multispec_binary/116.jpg,not_rust,0.0004914597375318408
data/images/multispec_binary/117.jpg,not_rust,0.0019285344751551747
data/images/multispec_binary/118.jpg,not_rust,0.0001989772863453254
data/images/multispec_binary/119.jpg,not_rust,0.001608421211130917
data/images/multispec_binary/120.jpg,not_rust,0.0005535808741115034
data/images/multispec_binary/121.jpg,not_rust,0.004239445086568594
data/images/multispec_binary/122.jpg,not_rust,0.0011054003844037652
data/images/multispec_binary/123.jpg,not_rust,0.001965715317055583
data/images/multispec_binary/124.jpg,not_rust,0.0022851096000522375
data/images/multispec_binary/125.jpg,not_rust,0.0005070352926850319
data/images/multispec_binary/126.jpg,not_rust,0.0008103509899228811
data/images/multispec_binary/127.jpg,not_rust,0.00011181273293914273
data/images/multispec_binary/128.jpg,not_rust,0.0014535511145368218
data/images/multispec_binary/129.jpg,not_rust,0.006633230485022068
data/images/multispec_binary/130.jpg,not_rust,0.002266394905745983
data/images/multispec_binary/131.jpg,not_rust,0.00822738278657198
data/images/multispec_binary/132.jpg,not_rust,0.000750629638787359
data/images/multispec_binary/133.jpg,not_rust,0.0006795852677896619
data/images/multispec_binary/134.jpg,not_rust,0.001086189178749919
data/images/multispec_binary/135.jpg,not_rust,0.0036918881814926863
data/images/multispec_binary/136.jpg,not_rust,0.0007556037162430584
data/images/multispec_binary/137.jpg,not_rust,0.0028150868602097034
data/images/multispec_binary/138.jpg,not_rust,0.031046511605381966
data/images/multispec_binary/139.jpg,not_rust,0.0037317415699362755
data/images/multispec_binary/140.jpg,not_rust,0.0020535881631076336
data/images/multispec_binary/141.jpg,not_rust,0.0028891004621982574
data/images/multispec_binary/142.jpg,not_rust,0.019884321838617325
data/images/multispec_binary/143.jpg,not_rust,0.001200445811264217
data/images/multispec_binary/144.jpg,not_rust,0.03426816686987877
data/images/multispec_binary/145.jpg,not_rust,0.012664681300520897
data/images/multispec_binary/146.jpg,not_rust,0.003549854038283229
data/images/multispec_binary/147.jpg,not_rust,0.0046514165587723255
data/images/multispec_binary/148.jpg,not_rust,0.001358480891212821
data/images/multispec_binary/149.jpg,not_rust,0.0022290567867457867
data/images/multispec_binary/150.jpg,not_rust,0.0037375218234956264
data/images/multispec_binary/151.jpg,not_rust,0.003344398457556963
data/images/multispec_binary/152.jpg,not_rust,0.001996990293264389
data/images/multispec_binary/153.jpg,not_rust,0.008986673317849636
data/images/multispec_binary/154.jpg,not_rust,0.002617531456053257
data/images/multispec_binary/155.jpg,not_rust,7.454985461663455e-05
data/images/multispec_binary/156.jpg,not_rust,0.003022547345608473
data/images/multispec_binary/157.jpg,not_rust,0.0011911289766430855
data/images/multispec_binary/158.jpg,not_rust,0.002304636873304844
data/images/multispec_binary/159.jpg,not_rust,0.0047211190685629845
data/images/multispec_binary/160.jpg,not_rust,0.0009954767301678658
data/images/multispec_binary/161.jpg,not_rust,0.008409563452005386
data/images/multispec_binary/162.jpg,not_rust,0.00044572362094186246
data/images/multispec_binary/163.jpg,not_rust,0.0009027132764458656
data/images/multispec_binary/164.jpg,not_rust,0.0002305116504430771
data/images/multispec_binary/165.jpg,not_rust,0.015374223701655865
data/images/multispec_binary/166.jpg,not_rust,8.839980728225783e-05
data/images/multispec_binary/167.jpg,not_rust,0.001850784057751298
data/images/multispec_binary/168.jpg,not_rust,0.00011863505642395467
data/images/multispec_binary/169.jpg,not_rust,0.0008091945201158524
data/images/multispec_binary/170.jpg,not_rust,7.196851947810501e-05
data/images/multispec_binary/171.jpg,not_rust,0.010643985122442245
data/images/multispec_binary/172.jpg,not_rust,0.0002078607794828713
data/images/multispec_binary/173.jpg,not_rust,0.04467001557350159
data/images/multispec_binary/174.jpg,not_rust,0.0015414900844916701
data/images/multispec_binary/175.jpg,not_rust,0.010729671455919743
data/images/multispec_binary/176.jpg,not_rust,0.0017768184188753366
data/images/multispec_binary/177.jpg,not_rust,0.0016786972992122173
data/images/multispec_binary/178.jpg,not_rust,0.008656728081405163
data/images/multispec_binary/179.jpg,not_rust,0.0012368878815323114
data/images/multispec_binary/180.jpg,not_rust,0.021016055718064308
data/images/multispec_binary/181.jpg,not_rust,0.0002322105719940737
data/images/multispec_binary/182.jpg,not_rust,0.0069404966197907925
data/images/multispec_binary/183.jpg,not_rust,0.0016000682953745127
data/images/multispec_binary/184.jpg,not_rust,0.04628593102097511
data/images/multispec_binary/185.jpg,not_rust,0.0024985098280012608
data/images/multispec_binary/186.jpg,not_rust,0.04041978344321251
data/images/multispec_binary/187.jpg,not_rust,0.000262997520621866
data/images/multispec_binary/188.jpg,not_rust,0.0011956164380535483
data/images/multispec_binary/189.jpg,not_rust,0.0015269622672349215
data/images/multispec_binary/190.jpg,not_rust,0.007945538498461246
data/images/multispec_binary/191.jpg,not_rust,0.0005959966219961643
data/images/multispec_binary/192.jpg,not_rust,0.0020226475317031145
data/images/multispec_binary/193.jpg,not_rust,0.0028644974809139967
data/images/multispec_binary/194.jpg,not_rust,0.010406773537397385
data/images/multispec_binary/195.jpg,not_rust,0.007843702100217342
data/images/multispec_binary/196.jpg,not_rust,0.0011464479612186551
data/images/multispec_binary/197.jpg,not_rust,0.015819799154996872
data/images/multispec_binary/198.jpg,not_rust,0.0043940115720033646
data/images/multispec_binary/199.jpg,not_rust,0.0006704574334435165
data/images/multispec_binary/200.jpg,not_rust,0.0005473704659380019
data/images/multispec_binary/201.jpg,not_rust,0.00241463421843946
data/images/multispec_binary/202.jpg,not_rust,0.0005820745718665421
data/images/multispec_binary/203.jpg,not_rust,0.0074708908796310425
data/images/multispec_binary/204.jpg,not_rust,0.0005655098357237875
data/images/multispec_binary/205.jpg,not_rust,0.0009188486728817225
data/images/multispec_binary/206.jpg,not_rust,0.0022904465440660715
data/images/multispec_binary/207.jpg,not_rust,3.437291525187902e-05
data/images/multispec_binary/208.jpg,not_rust,0.012606549076735973
data/images/multispec_binary/209.jpg,not_rust,0.0035969694145023823
data/images/multispec_binary/210.jpg,not_rust,0.00999176874756813
data/images/multispec_binary/211.jpg,not_rust,0.007021276745945215
data/images/multispec_binary/212.jpg,not_rust,0.0006119150784797966
data/images/multispec_binary/213.jpg,not_rust,0.0008510472252964973
data/images/multispec_binary/214.jpg,not_rust,0.005364696495234966
data/images/multispec_binary/215.jpg,not_rust,0.001188589259982109
data/images/multispec_binary/216.jpg,not_rust,0.0005907340091653168
data/images/multispec_binary/217.jpg,not_rust,0.10413191467523575
data/images/multispec_binary/218.jpg,not_rust,0.0011465599527582526
data/images/multispec_binary/219.jpg,not_rust,0.035649579018354416
data/images/multispec_binary/220.jpg,not_rust,0.0007529886206611991
data/images/multispec_binary/221.jpg,not_rust,0.007537493482232094
data/images/multispec_binary/222.jpg,not_rust,0.003073757514357567
data/images/multispec_binary/223.jpg,not_rust,5.693674029316753e-05
data/images/multispec_binary/224.jpg,not_rust,0.001453753444366157
data/images/multispec_binary/225.jpg,not_rust,0.0016811431851238012
data/images/multispec_binary/226.jpg,not_rust,0.000911681680008769
data/images/multispec_binary/227.jpg,not_rust,0.03244171291589737
data/images/multispec_binary/228.jpg,not_rust,0.0015942063182592392
data/images/multispec_binary/229.jpg,not_rust,0.0016570258885622025
data/images/multispec_binary/230.jpg,not_rust,0.0010114480974152684
data/images/multispec_binary/231.jpg,not_rust,0.0031257986556738615
data/images/multispec_binary/232.jpg,not_rust,0.002533271675929427
data/images/multispec_binary/233.jpg,not_rust,0.0003005660546477884
data/images/multispec_binary/234.jpg,not_rust,0.00012555374996736646
data/images/multispec_binary/235.jpg,not_rust,0.01850108616054058
data/images/multispec_binary/236.jpg,not_rust,0.011310194618999958
data/images/multispec_binary/237.jpg,not_rust,0.1457713395357132
data/images/multispec_binary/238.jpg,not_rust,0.0002925511507783085
data/images/multispec_binary/239.jpg,not_rust,0.0009920549346134067
data/images/multispec_binary/240.jpg,not_rust,0.004379259888082743
data/images/multispec_binary/241.jpg,not_rust,0.0024835506919771433
data/images/multispec_binary/242.jpg,not_rust,0.006095020100474358
data/images/multispec_binary/243.jpg,not_rust,0.004658104386180639
data/images/multispec_binary/244.jpg,not_rust,0.0007040001801215112
data/images/multispec_binary/245.jpg,not_rust,0.0014214974362403154
data/images/multispec_binary/246.jpg,not_rust,0.0003347022575326264
data/images/multispec_binary/247.jpg,not_rust,0.0005311975837685168
data/images/multispec_binary/248.jpg,not_rust,0.005889649968594313
data/images/multispec_binary/249.jpg,not_rust,0.008840815164148808
data/images/multispec_binary/250.jpg,not_rust,0.00043089670361950994
data/images/multispec_binary/251.jpg,not_rust,0.0006460081203840673
data/images/multispec_binary/252.jpg,not_rust,5.3753705287817866e-05
data/images/multispec_binary/253.jpg,not_rust,0.00636370899155736
data/images/multispec_binary/254.jpg,not_rust,0.0006195339374244213
data/images/multispec_binary/255.jpg,not_rust,0.0021241866052150726
data/images/multispec_binary/256.jpg,not_rust,0.00024008860054891557
data/images/multispec_binary/257.jpg,not_rust,0.008274256251752377
data/images/multispec_binary/258.jpg,not_rust,0.0004336423007771373
data/images/multispec_binary/259.jpg,not_rust,6.928137736395001e-05
data/images/multispec_binary/260.jpg,not_rust,0.00043170180288143456
data/images/multispec_binary/261.jpg,not_rust,0.002066161250695586
data/images/multispec_binary/262.jpg,not_rust,0.014531305059790611
data/images/multispec_binary/263.jpg,not_rust,0.004795597400516272
data/images/multispec_binary/264.jpg,not_rust,0.000578268663957715
data/images/multispec_binary/265.jpg,not_rust,0.009380411356687546
data/images/multispec_binary/266.jpg,not_rust,0.0011516668600961566
data/images/multispec_binary/267.jpg,not_rust,0.0064658522605896
data/images/multispec_binary/268.jpg,not_rust,0.0030803976114839315
data/images/multispec_binary/269.jpg,not_rust,0.0033036693930625916
data/images/multispec_binary/270.jpg,not_rust,0.0006642565713264048
data/images/multispec_binary/271.jpg,not_rust,0.00013316037075128406
data/images/multispec_binary/272.jpg,not_rust,0.0005053610075265169
data/images/multispec_binary/273.jpg,rust,0.020451754331588745
data/images/multispec_binary/274.jpg,rust,0.11787831783294678
data/images/multispec_binary/275.jpg,rust,0.017561106011271477
data/images/multispec_binary/276.jpg,rust,0.010413866490125656
data/images/multispec_binary/277.jpg,rust,0.010416860692203045
data/images/multispec_binary/278.jpg,rust,0.001942366361618042
data/images/multispec_binary/279.jpg,rust,0.2800453305244446
data/images/multispec_binary/280.jpg,rust,0.0015997824957594275
data/images/multispec_binary/281.jpg,rust,0.006941615138202906
data/images/multispec_binary/282.jpg,rust,0.509614884853363
data/images/multispec_binary/283.jpg,rust,0.01045477669686079
data/images/multispec_binary/284.jpg,rust,0.15807940065860748
data/images/multispec_binary/285.jpg,rust,0.0029231025837361813
data/images/multispec_binary/286.jpg,rust,0.07647363841533661
data/images/multispec_binary/287.jpg,rust,0.0014535589143633842
data/images/multispec_binary/288.jpg,rust,0.0012145163491368294
data/images/multispec_binary/289.jpg,rust,0.13764841854572296
data/images/multispec_binary/290.jpg,rust,0.009341374039649963
data/images/multispec_binary/291.jpg,rust,0.005427014548331499
data/images/multispec_binary/292.jpg,rust,0.03776877000927925
data/images/multispec_binary/293.jpg,rust,0.010881361551582813
data/images/multispec_binary/294.jpg,rust,0.002735522808507085
data/images/multispec_binary/295.jpg,rust,0.01326629240065813
data/images/multispec_binary/296.jpg,rust,0.31357303261756897
data/images/multispec_binary/297.jpg,rust,0.00929934810847044
data/images/multispec_binary/298.jpg,rust,0.4459571838378906
data/images/multispec_binary/299.jpg,rust,0.004005158320069313
data/images/multispec_binary/300.jpg,rust,0.008561315014958382
data/images/multispec_binary/301.jpg,rust,0.013115053996443748
data/images/multispec_binary/302.jpg,rust,0.08802395313978195
data/images/multispec_binary/303.jpg,rust,0.5655590891838074
data/images/multispec_binary/304.jpg,rust,0.45378461480140686
data/images/multispec_binary/305.jpg,rust,0.007498939987272024
data/images/multispec_binary/306.jpg,rust,0.02278624288737774
data/images/multispec_binary/307.jpg,rust,0.06961869448423386
data/images/multispec_binary/308.jpg,rust,0.22950516641139984
data/images/multispec_binary/309.jpg,rust,0.27313679456710815
data/images/multispec_binary/310.jpg,rust,0.04877586290240288
data/images/multispec_binary/311.jpg,rust,0.008412206545472145
data/images/multispec_binary/312.jpg,rust,0.002676707459613681
data/images/multispec_binary/313.jpg,rust,0.0007772841490805149
data/images/multispec_binary/314.jpg,rust,0.002690667752176523
data/images/multispec_binary/315.jpg,rust,0.01791645772755146
data/images/multispec_binary/316.jpg,rust,0.009196246974170208
data/images/multispec_binary/317.jpg,rust,0.5350404381752014
data/images/multispec_binary/318.jpg,rust,0.006905523128807545
data/images/multispec_binary/319.jpg,rust,0.006740049459040165
data/images/multispec_binary/320.jpg,rust,0.0057469317689538
data/images/multispec_binary/321.jpg,rust,0.007849633693695068
data/images/multispec_binary/322.jpg,rust,0.001668658689595759
data/images/multispec_binary/323.jpg,rust,0.24095822870731354
data/images/multispec_binary/324.jpg,rust,0.0048937262035906315
data/images/multispec_binary/325.jpg,rust,0.01641896180808544
data/images/multispec_binary/326.jpg,rust,0.009086734615266323
data/images/multispec_binary/327.jpg,rust,0.10719789564609528
data/images/multispec_binary/328.jpg,rust,0.02181064896285534
data/images/multispec_binary/329.jpg,rust,0.008621739223599434
data/images/multispec_binary/330.jpg,rust,0.13260239362716675
data/images/multispec_binary/331.jpg,rust,0.12764184176921844
data/images/multispec_binary/332.jpg,rust,0.51407390832901
data/images/multispec_binary/333.jpg,rust,0.33139580488204956
data/images/multispec_binary/334.jpg,rust,0.0019042049534618855
data/images/multispec_binary/335.jpg,rust,0.00018625568191055208
data/images/multispec_binary/336.jpg,rust,0.019691014662384987
data/images/multispec_binary/337.jpg,rust,0.003918924834579229
data/images/multispec_binary/338.jpg,rust,0.0058183870278298855
data/images/multispec_binary/339.jpg,rust,0.0002582912566140294
data/images/multispec_binary/340.jpg,rust,0.006660900544375181
data/images/multispec_binary/341.jpg,rust,8.694191637914628e-05
data/images/multispec_binary/342.jpg,rust,0.42919039726257324
data/images/multispec_binary/343.jpg,rust,0.02471773326396942
data/images/multispec_binary/344.jpg,rust,0.0044010719284415245
data/images/multispec_binary/345.jpg,rust,0.04052099958062172
data/images/multispec_binary/346.jpg,rust,0.3095531463623047
data/images/multispec_binary/347.jpg,rust,0.009689071215689182
data/images/multispec_binary/348.jpg,rust,0.0080147385597229
data/images/multispec_binary/349.jpg,rust,0.006948085036128759
data/images/multispec_binary/350.jpg,rust,0.0019046417437493801
data/images/multispec_binary/351.jpg,rust,0.5911596417427063
data/images/multispec_binary/352.jpg,rust,0.003640452865511179
data/images/multispec_binary/353.jpg,rust,0.009442242793738842
data/images/multispec_binary/354.jpg,rust,0.003701565321534872
data/images/multispec_binary/355.jpg,rust,0.00165409070905298
data/images/multispec_binary/356.jpg,rust,0.003941358532756567
data/images/multispec_binary/357.jpg,rust,0.18857869505882263
data/images/multispec_binary/358.jpg,rust,0.00225898833014071
data/images/multispec_binary/359.jpg,rust,0.0010892249410972
data/images/multispec_binary/360.jpg,rust,0.008725498802959919
data/images/multispec_binary/361.jpg,rust,0.04629264026880264
data/images/multispec_binary/362.jpg,rust,0.029289385303854942
data/images/multispec_binary/363.jpg,rust,0.13920581340789795
data/images/multispec_binary/364.jpg,rust,0.7354379296302795
data/images/multispec_binary/365.jpg,rust,0.04325132071971893
data/images/multispec_binary/366.jpg,rust,0.011524546891450882
data/images/multispec_binary/367.jpg,rust,0.010289737023413181
data/images/multispec_binary/368.jpg,rust,0.0058416444808244705
data/images/multispec_binary/369.jpg,rust,0.0024605717044323683
data/images/multispec_binary/370.jpg,rust,0.06042959913611412
data/images/multispec_binary/371.jpg,rust,0.028698546811938286
data/images/multispec_binary/372.jpg,rust,0.02155582793056965
data/images/multispec_binary/373.jpg,rust,0.024764232337474823
data/images/multispec_binary/374.jpg,rust,0.02490382269024849
data/images/multispec_binary/375.jpg,rust,0.26564493775367737
data/images/multispec_binary/376.jpg,rust,0.006849647033959627
data/images/multispec_binary/377.jpg,rust,0.006547723431140184
data/images/multispec_binary/378.jpg,rust,0.005239217076450586
data/images/multispec_binary/379.jpg,rust,0.29579871892929077
data/images/multispec_binary/380.jpg,rust,0.010249247774481773
data/images/multispec_binary/381.jpg,rust,0.021738635376095772
data/images/multispec_binary/382.jpg,rust,0.00159125414211303
data/images/multispec_binary/383.jpg,rust,0.03402506932616234
data/images/multispec_binary/384.jpg,rust,0.0681561827659607
data/images/multispec_binary/385.jpg,rust,0.0687761902809143
data/images/multispec_binary/386.jpg,rust,0.0013740061549469829
data/images/multispec_binary/387.jpg,rust,0.0035162081476300955
data/images/multispec_binary/388.jpg,rust,0.07519449293613434
data/images/multispec_binary/389.jpg,rust,0.0003080396563746035
data/images/multispec_binary/390.jpg,rust,0.01189193781465292
data/images/multispec_binary/391.jpg,rust,0.323091596364975
data/images/multispec_binary/392.jpg,rust,0.0019451159751042724
data/images/multispec_binary/393.jpg,rust,0.016602203249931335
data/images/multispec_binary/394.jpg,rust,0.0007311662775464356
data/images/multispec_binary/395.jpg,rust,0.06014269217848778
data/images/multispec_binary/396.jpg,rust,0.01201498880982399
data/images/multispec_binary/397.jpg,rust,0.0009356837836094201
data/images/multispec_binary/398.jpg,rust,0.0036217544693499804
data/images/multispec_binary/399.jpg,rust,0.0014121438143774867
data/images/multispec_binary/400.jpg,rust,0.035989515483379364
data/images/multispec_binary/401.jpg,rust,0.01354859210550785
data/images/multispec_binary/402.jpg,rust,0.0014180938014760613
data/images/multispec_binary/403.jpg,rust,0.00032426801044493914
data/images/multispec_binary/404.jpg,rust,0.009166821837425232
data/images/multispec_binary/405.jpg,rust,0.12144068628549576
data/images/multispec_binary/406.jpg,rust,0.05475446581840515
data/images/multispec_binary/407.jpg,rust,0.0005204007029533386
data/images/multispec_binary/408.jpg,rust,0.07258354872465134
data/images/multispec_binary/409.jpg,rust,0.004747311118990183
data/images/multispec_binary/410.jpg,rust,0.021841535344719887
data/images/multispec_binary/411.jpg,rust,0.01799384132027626
data/images/multispec_binary/412.jpg,rust,0.005677970126271248
data/images/multispec_binary/413.jpg,rust,0.0699063315987587
data/images/multispec_binary/414.jpg,rust,0.004569253418594599
data/images/multispec_binary/415.jpg,rust,0.0019381474703550339
data/images/multispec_binary/416.jpg,rust,0.0004676970711443573
data/images/multispec_binary/417.jpg,rust,0.012534373439848423
data/images/multispec_binary/418.jpg,rust,0.005743133835494518
data/images/multispec_binary/419.jpg,rust,0.002982113044708967
data/images/multispec_binary/420.jpg,rust,0.18774574995040894
data/images/multispec_binary/421.jpg,rust,0.001636359840631485
data/images/multispec_binary/422.jpg,rust,0.09778255969285965
data/images/multispec_binary/423.jpg,rust,0.0015518227592110634
data/images/multispec_binary/424.jpg,rust,0.06774672865867615
data/images/multispec_binary/425.jpg,rust,0.18212772905826569
data/images/multispec_binary/426.jpg,rust,0.007409139536321163
data/images/multispec_binary/427.jpg,rust,0.03653177618980408
data/images/multispec_binary/428.jpg,rust,0.006187381222844124
data/images/multispec_binary/429.jpg,rust,0.003807932836934924
data/images/multispec_binary/430.jpg,rust,0.0034987078979611397
data/images/multispec_binary/431.jpg,rust,0.01595219038426876
data/images/multispec_binary/432.jpg,rust,0.007535196840763092
data/images/multispec_binary/433.jpg,rust,0.009820462204515934
data/images/multispec_binary/434.jpg,rust,0.027508240193128586
data/images/multispec_binary/435.jpg,rust,0.0025470817927271128
data/images/multispec_binary/436.jpg,rust,0.03492246940732002
data/images/multispec_binary/437.jpg,rust,0.11203836649656296
data/images/multispec_binary/438.jpg,rust,0.0030269837006926537
data/images/multispec_binary/439.jpg,rust,0.0016255778027698398
data/images/multispec_binary/440.jpg,rust,0.0008302179048769176
data/images/multispec_binary/441.jpg,rust,0.02732195146381855
data/images/multispec_binary/442.jpg,rust,0.00807203073054552
data/images/multispec_binary/443.jpg,rust,0.0010312357917428017
data/images/multispec_binary/444.jpg,rust,0.18042980134487152
data/images/multispec_binary/445.jpg,rust,0.018932078033685684
data/images/multispec_binary/446.jpg,rust,0.021978791803121567
data/images/multispec_binary/447.jpg,rust,0.00168307451531291
data/images/multispec_binary/448.jpg,rust,0.011962369084358215
data/images/multispec_binary/449.jpg,rust,0.0017647630302235484
data/images/multispec_binary/450.jpg,rust,0.002684368984773755
data/images/multispec_binary/451.jpg,rust,0.04651249572634697
data/images/multispec_binary/452.jpg,rust,0.0019262157147750258
data/images/multispec_binary/453.jpg,rust,0.001571595435962081
data/images/multispec_binary/454.jpg,rust,0.6885587573051453
data/images/multispec_binary/455.jpg,rust,0.000966718653216958
data/images/multispec_binary/456.jpg,rust,0.0013636754592880607
data/images/multispec_binary/457.jpg,rust,0.5565637350082397
data/images/multispec_binary/458.jpg,rust,0.010936629958450794
data/images/multispec_binary/459.jpg,rust,0.019600432366132736
data/images/multispec_binary/460.jpg,rust,0.0073982831090688705
data/images/multispec_binary/461.jpg,rust,0.006387242581695318
data/images/multispec_binary/462.jpg,rust,0.23266510665416718
data/images/multispec_binary/463.jpg,rust,0.05607355013489723
data/images/multispec_binary/464.jpg,rust,0.010616189800202847
data/images/multispec_binary/465.jpg,rust,0.01794273592531681
data/images/multispec_binary/466.jpg,rust,0.008603710681200027
data/images/multispec_binary/467.jpg,rust,0.003948513884097338
data/images/multispec_binary/468.jpg,rust,0.027923136949539185
data/images/multispec_binary/469.jpg,rust,0.002816123655065894
data/images/multispec_binary/470.jpg,rust,0.676649808883667
data/images/multispec_binary/471.jpg,rust,0.0005013009649701416
data/images/multispec_binary/472.jpg,rust,0.0038184982258826494
data/images/multispec_binary/473.jpg,rust,0.0051697902381420135
data/images/multispec_binary/474.jpg,rust,0.18847079575061798
data/images/multispec_binary/475.jpg,rust,0.04369567334651947
data/images/multispec_binary/476.jpg,rust,0.01036630105227232
data/images/multispec_binary/477.jpg,rust,0.08992649614810944
data/images/multispec_binary/478.jpg,rust,0.0005723897484131157
data/images/multispec_binary/479.jpg,rust,0.016691677272319794
data/images/multispec_binary/480.jpg,rust,0.006688584107905626
data/images/multispec_binary/481.jpg,rust,0.014932575635612011
data/images/multispec_binary/482.jpg,rust,0.3093112111091614
data/images/multispec_binary/483.jpg,rust,0.014958803541958332
data/images/multispec_binary/484.jpg,rust,0.009346023201942444
data/images/multispec_binary/485.jpg,rust,0.016240358352661133
data/images/multispec_binary/486.jpg,rust,0.002405821578577161
data/images/multispec_binary/487.jpg,rust,0.03461996093392372
data/images/multispec_binary/488.jpg,rust,0.006975795608013868
data/images/multispec_binary/489.jpg,rust,0.0018937927670776844
data/images/multispec_binary/490.jpg,rust,0.8113716840744019
data/images/multispec_binary/491.jpg,rust,0.0017213941318914294
data/images/multispec_binary/492.jpg,rust,0.03949422389268875
data/images/multispec_binary/493.jpg,rust,0.0007015019073151052
data/images/multispec_binary/494.jpg,rust,0.001804614090360701
data/images/multispec_binary/495.jpg,rust,0.003908802755177021
data/images/multispec_binary/496.jpg,rust,0.1242939829826355
data/images/multispec_binary/497.jpg,rust,0.003084419760853052
data/images/multispec_binary/498.jpg,rust,0.005262917373329401
data/images/multispec_binary/499.jpg,rust,0.029157593846321106
data/images/multispec_binary/500.jpg,rust,0.537359893321991
data/images/multispec_binary/501.jpg,rust,0.0031456525903195143
data/images/multispec_binary/502.jpg,rust,0.005327845923602581
data/images/multispec_binary/503.jpg,rust,0.03437130153179169
data/images/multispec_binary/504.jpg,rust,0.000500800902955234
data/images/multispec_binary/505.jpg,rust,0.00037314160726964474
data/images/multispec_binary/506.jpg,rust,0.009773080237209797
data/images/multispec_binary/507.jpg,rust,0.33188432455062866
data/images/multispec_binary/508.jpg,rust,0.06811250001192093
data/images/multispec_binary/509.jpg,rust,0.13968268036842346
data/images/multispec_binary/510.jpg,rust,0.005071025807410479
data/images/multispec_binary/511.jpg,rust,0.01458751317113638
data/images/multispec_binary/512.jpg,rust,0.00426157470792532
data/images/multispec_binary/513.jpg,rust,0.009256347082555294
data/images/multispec_binary/514.jpg,rust,0.002358855679631233
data/images/multispec_binary/515.jpg,rust,0.01746525429189205
data/images/multispec_binary/516.jpg,rust,0.011084840632975101
data/images/multispec_binary/517.jpg,rust,0.1382191777229309
data/images/multispec_binary/518.jpg,rust,0.06858356297016144
data/images/multispec_binary/519.jpg,rust,0.005105005111545324
data/images/multispec_binary/520.jpg,rust,0.06947528570890427
data/images/multispec_binary/521.jpg,rust,0.16452784836292267
data/images/multispec_binary/522.jpg,rust,0.0005555677344091237
data/images/multispec_binary/523.jpg,rust,0.015467081218957901
data/images/multispec_binary/524.jpg,rust,0.2562839090824127
data/images/multispec_binary/525.jpg,rust,0.01155686005949974
data/images/multispec_binary/526.jpg,rust,0.03010828234255314
data/images/multispec_binary/527.jpg,rust,0.016939742490649223
data/images/multispec_binary/528.jpg,rust,0.001060894108377397
data/images/multispec_binary/529.jpg,rust,0.007213155273348093
data/images/multispec_binary/530.jpg,rust,0.0028830221854150295
data/images/multispec_binary/531.jpg,rust,0.004885494709014893
data/images/multispec_binary/532.jpg,rust,0.04220658540725708
data/images/multispec_binary/533.jpg,rust,0.04098237678408623
data/images/multispec_binary/534.jpg,rust,0.06711341440677643
data/images/multispec_binary/535.jpg,rust,0.00041972429607994854
data/images/multispec_binary/536.jpg,rust,0.149967223405838
data/images/multispec_binary/537.jpg,rust,0.005944457836449146
data/images/multispec_binary/538.jpg,rust,0.09099195152521133
data/images/multispec_binary/539.jpg,rust,0.35302647948265076
data/images/multispec_binary/540.jpg,rust,0.0030737167689949274
data/images/multispec_binary/541.jpg,rust,0.010517389513552189
data/images/multispec_binary/542.jpg,rust,0.0070619042962789536
data/images/multispec_binary/543.jpg,rust,0.7146642208099365
data/images/multispec_binary/544.jpg,rust,0.02378295548260212
data/images/multispec_binary/545.jpg,rust,0.000510109995957464
data/images/multispec_binary/546.jpg,rust,0.003958000335842371
data/images/multispec_binary/547.jpg,rust,0.0009846034226939082
data/images/multispec_binary/548.jpg,rust,0.004543432500213385
data/images/multispec_binary/549.jpg,rust,0.03182048350572586
data/images/multispec_binary/550.jpg,rust,0.021927068009972572
data/images/multispec_binary/551.jpg,rust,0.01947903260588646
data/images/multispec_binary/552.jpg,rust,0.01330600492656231
data/images/multispec_binary/553.jpg,rust,0.02936028130352497
data/images/multispec_binary/554.jpg,rust,0.033023107796907425
data/images/multispec_binary/555.jpg,rust,0.11375159025192261
data/images/multispec_binary/556.jpg,rust,0.038591668009757996
data/images/multispec_binary/557.jpg,rust,0.14972464740276337
data/images/multispec_binary/558.jpg,rust,0.00401014368981123
data/images/multispec_binary/559.jpg,rust,0.03474139794707298
data/images/multispec_binary/560.jpg,rust,0.05727905035018921
data/images/multispec_binary/561.jpg,rust,0.004011185374110937
data/images/multispec_binary/562.jpg,rust,0.01990988664329052
data/images/multispec_binary/563.jpg,rust,0.0017087777378037572
data/images/multispec_binary/564.jpg,rust,0.06552982330322266
data/images/multispec_binary/565.jpg,rust,0.06634136289358139
data/images/multispec_binary/566.jpg,rust,0.006756915245205164
data/images/multispec_binary/567.jpg,rust,0.0038555865176022053
data/images/multispec_binary/568.jpg,rust,0.19928254187107086
data/images/multispec_binary/569.jpg,rust,0.0004382209444884211
data/images/multispec_binary/570.jpg,rust,0.03242775425314903
data/images/multispec_binary/571.jpg,rust,0.037819989025592804
data/images/multispec_binary/572.jpg,rust,0.028942862525582314
data/images/multispec_binary/573.jpg,rust,0.21626830101013184
data/images/multispec_binary/574.jpg,rust,0.0015034567331895232
data/images/multispec_binary/575.jpg,rust,0.674274206161499
data/images/multispec_binary/576.jpg,rust,0.0006616360624320805
data/images/multispec_binary/577.jpg,rust,0.019329451024532318
data/images/multispec_binary/578.jpg,rust,0.0033701597712934017
data/images/multispec_binary/579.jpg,rust,0.002720464952290058
data/images/multispec_binary/580.jpg,rust,0.008471149951219559
data/images/multispec_binary/581.jpg,rust,0.09062603116035461
data/images/multispec_binary/582.jpg,rust,0.010117814876139164
data/images/multispec_binary/583.jpg,rust,0.30015823245048523
data/images/multispec_binary/584.jpg,rust,0.06850939244031906
data/images/multispec_binary/585.jpg,rust,0.5762332677841187
data/images/multispec_binary/586.jpg,rust,0.01353086531162262
data/images/multispec_binary/587.jpg,rust,0.009711486287415028
data/images/multispec_binary/588.jpg,rust,0.0057211522944271564
data/images/multispec_binary/589.jpg,rust,0.0007516914047300816
data/images/multispec_binary/590.jpg,rust,0.0010590734891593456
data/images/multispec_binary/591.jpg,rust,0.002021083142608404
data/images/multispec_binary/592.jpg,rust,0.0008356986800208688
data/images/multispec_binary/593.jpg,rust,0.012892297469079494
data/images/multispec_binary/594.jpg,rust,0.6350591778755188
data/images/multispec_binary/595.jpg,rust,0.0024973535910248756
data/images/multispec_binary/596.jpg,rust,0.002418736694380641
data/images/multispec_binary/597.jpg,rust,0.03348340466618538
data/images/multispec_binary/598.jpg,rust,0.001959490589797497
data/images/multispec_binary/599.jpg,rust,3.4583950764499605e-05
data/images/multispec_binary/600.jpg,rust,0.0035403475631028414
data/images/multispec_binary/601.jpg,rust,0.15614670515060425
data/images/multispec_binary/602.jpg,rust,0.0073060146532952785
data/images/multispec_binary/603.jpg,rust,0.004811514634639025
data/images/multispec_binary/604.jpg,rust,0.012487106956541538
data/images/multispec_binary/605.jpg,rust,0.01088612712919712
data/images/multispec_binary/606.jpg,rust,0.883306086063385
data/images/multispec_binary/607.jpg,rust,0.11331354826688766
data/images/multispec_binary/608.jpg,rust,0.004672954324632883
data/images/multispec_binary/609.jpg,rust,0.002080222824588418
data/images/multispec_binary/610.jpg,rust,0.016333119943737984
data/images/multispec_binary/611.jpg,rust,0.02800714410841465
data/images/multispec_binary/612.jpg,rust,0.004796426743268967
data/images/multispec_binary/613.jpg,rust,0.0026620631106197834
data/images/multispec_binary/614.jpg,rust,0.08908231556415558
data/images/multispec_binary/615.jpg,rust,0.06857310235500336
data/images/multispec_binary/616.jpg,rust,0.0415147989988327
data/images/multispec_binary/617.jpg,rust,0.002383310114964843
data/images/multispec_binary/618.jpg,rust,0.08483404666185379
data/images/multispec_binary/619.jpg,rust,0.19675388932228088
data/images/multispec_binary/620.jpg,rust,0.29279088973999023
data/images/multispec_binary/621.jpg,rust,0.045404188334941864
data/images/multispec_binary/622.jpg,rust,0.32619765400886536
data/images/multispec_binary/623.jpg,rust,0.0006156144663691521
data/images/multispec_binary/624.jpg,rust,0.0030638291500508785
data/images/multispec_binary/625.jpg,rust,0.01278684288263321
data/images/multispec_binary/626.jpg,rust,0.13857053220272064
data/images/multispec_binary/627.jpg,rust,0.1833871752023697
data/images/multispec_binary/628.jpg,rust,0.1748647391796112
data/images/multispec_binary/629.jpg,rust,0.01662304624915123
data/images/multispec_binary/630.jpg,rust,0.015354689210653305
data/images/multispec_binary/631.jpg,rust,0.002470145234838128
data/images/multispec_binary/632.jpg,rust,0.003198853228241205
data/images/multispec_binary/633.jpg,rust,0.49905848503112793
data/images/multispec_binary/634.jpg,rust,0.24866022169589996
data/images/multispec_binary/635.jpg,rust,0.005037245340645313
data/images/multispec_binary/636.jpg,rust,0.00021860511333215982
data/images/multispec_binary/637.jpg,rust,0.13465376198291779
data/images/multispec_binary/638.jpg,rust,0.15760038793087006
data/images/multispec_binary/639.jpg,rust,0.0006072404212318361
data/images/multispec_binary/640.jpg,rust,0.009916858747601509
data/images/multispec_binary/641.jpg,rust,0.0025369012728333473
data/images/multispec_binary/642.jpg,rust,0.029511496424674988
data/images/multispec_binary/643.jpg,rust,0.017579300329089165
data/images/multispec_binary/644.jpg,rust,0.005964130163192749
data/images/multispec_binary/645.jpg,rust,0.01194810215383768
data/images/multispec_binary/646.jpg,rust,0.0035013596061617136
data/images/multispec_binary/647.jpg,rust,0.04720858484506607
data/images/multispec_binary/648.jpg,rust,0.0008549969643354416
data/images/multispec_binary/649.jpg,rust,0.03885346278548241
data/images/multispec_binary/650.jpg,rust,0.0005647471989504993
data/images/multispec_binary/651.jpg,rust,0.20371569693088531
data/images/multispec_binary/652.jpg,rust,0.07109963148832321
data/images/multispec_binary/653.jpg,rust,0.0034076194278895855
data/images/multispec_binary/654.jpg,rust,0.007181617897003889
data/images/multispec_binary/655.jpg,rust,0.011218681931495667
data/images/multispec_binary/656.jpg,rust,0.04202274605631828
data/images/multispec_binary/657.jpg,rust,0.0014378232881426811
data/images/multispec_binary/658.jpg,rust,0.006428007036447525
data/images/multispec_binary/659.jpg,rust,0.0010307024931535125
data/images/multispec_binary/660.jpg,rust,0.10510659962892532
data/images/multispec_binary/661.jpg,rust,0.038178715854883194
data/images/multispec_binary/662.jpg,rust,0.008420483209192753
data/images/multispec_binary/663.jpg,rust,0.0717681497335434
data/images/multispec_binary/664.jpg,rust,0.014156120829284191
data/images/multispec_binary/665.jpg,rust,0.008949238806962967
data/images/multispec_binary/666.jpg,rust,0.0025608104187995195
data/images/multispec_binary/667.jpg,rust,0.001077724969945848
data/images/multispec_binary/668.jpg,rust,0.5707623958587646
data/images/multispec_binary/669.jpg,rust,0.21264436841011047
data/images/multispec_binary/670.jpg,rust,0.00495957164093852
data/images/multispec_binary/671.jpg,rust,0.001285784994252026
data/images/multispec_binary/672.jpg,rust,0.012047184631228447
data/images/multispec_binary/673.jpg,rust,0.010580616071820259
data/images/multispec_binary/674.jpg,rust,0.0878850519657135
data/images/multispec_binary/675.jpg,rust,0.07663965225219727
data/images/multispec_binary/676.jpg,rust,0.001587974140420556
data/images/multispec_binary/677.jpg,rust,0.018363013863563538
data/images/multispec_binary/678.jpg,rust,0.006995670031756163
data/images/multispec_binary/679.jpg,rust,0.020939968526363373
data/images/multispec_binary/680.jpg,rust,0.14162680506706238
data/images/multispec_binary/681.jpg,rust,0.2091091275215149
data/images/multispec_binary/682.jpg,rust,0.012380009517073631
data/images/multispec_binary/683.jpg,rust,0.01891179010272026
data/images/multispec_binary/684.jpg,rust,0.1475730985403061
data/images/multispec_binary/685.jpg,rust,0.02759604901075363
data/images/multispec_binary/686.jpg,rust,0.0020896142814308405
data/images/multispec_binary/687.jpg,rust,0.1295870542526245
data/images/multispec_binary/688.jpg,rust,0.05715496093034744
data/images/multispec_binary/689.jpg,rust,0.09681282937526703
data/images/multispec_binary/690.jpg,rust,0.6753910779953003
data/images/multispec_binary/691.jpg,rust,0.02897033840417862
data/images/multispec_binary/692.jpg,rust,0.021601112559437752
data/images/multispec_binary/693.jpg,rust,0.6416500210762024
data/images/multispec_binary/694.jpg,rust,0.0011022030375897884
data/images/multispec_binary/695.jpg,rust,0.0010933951707556844
data/images/multispec_binary/696.jpg,rust,0.042978666722774506
data/images/multispec_binary/697.jpg,rust,0.13824743032455444
data/images/multispec_binary/698.jpg,rust,0.042939189821481705
data/images/multispec_binary/699.jpg,rust,0.02802100218832493
data/images/multispec_binary/700.jpg,rust,0.689858615398407
data/images/multispec_binary/701.jpg,rust,0.003243718296289444
data/images/multispec_binary/702.jpg,rust,0.004202982410788536
data/images/multispec_binary/703.jpg,rust,0.00273550464771688
data/images/multispec_binary/704.jpg,rust,0.0015033712843433022
data/images/multispec_binary/705.jpg,rust,0.06268128007650375
data/images/multispec_binary/706.jpg,rust,0.006657032296061516
data/images/multispec_binary/707.jpg,rust,0.001280775642953813
data/images/multispec_binary/708.jpg,rust,0.6364582180976868
data/images/multispec_binary/709.jpg,rust,0.00316821550950408
data/images/multispec_binary/710.jpg,rust,0.004626240115612745
data/images/multispec_binary/711.jpg,rust,0.01424076221883297
data/images/multispec_binary/712.jpg,rust,0.026730254292488098
data/images/multispec_binary/713.jpg,rust,0.006002328358590603
data/images/multispec_binary/714.jpg,rust,0.00416168849915266
data/images/multispec_binary/715.jpg,rust,0.025286981835961342
data/images/multispec_binary/716.jpg,rust,0.021637210622429848
data/images/multispec_binary/717.jpg,rust,0.06718847900629044
data/images/multispec_binary/718.jpg,rust,0.010292881168425083
data/images/multispec_binary/719.jpg,rust,0.736153244972229
data/images/multispec_binary/720.jpg,rust,0.013033390045166016
data/images/multispec_binary/721.jpg,rust,0.02367059700191021
data/images/multispec_binary/722.jpg,rust,0.1551348865032196
data/images/multispec_binary/723.jpg,rust,0.4401496648788452
data/images/multispec_binary/724.jpg,rust,0.034447185695171356
data/images/multispec_binary/725.jpg,rust,0.0007428021635860205
data/images/multispec_binary/726.jpg,rust,0.001424742746166885
data/images/multispec_binary/727.jpg,rust,0.0018914014799520373
data/images/multispec_binary/728.jpg,rust,0.012194640003144741
data/images/multispec_binary/729.jpg,rust,0.0034592340234667063
data/images/multispec_binary/730.jpg,rust,0.0012409130576997995
data/images/multispec_binary/731.jpg,rust,0.12300299108028412
data/images/multispec_binary/732.jpg,rust,0.00034941144986078143
data/images/multispec_binary/733.jpg,rust,0.06958500295877457
data/images/multispec_binary/734.jpg,rust,0.0005538842524401844
data/images/multispec_binary/735.jpg,rust,0.04230331629514694
data/images/multispec_binary/736.jpg,rust,0.07505250722169876
data/images/multispec_binary/737.jpg,rust,0.12146145105361938
data/images/multispec_binary/738.jpg,rust,0.13113805651664734
data/images/multispec_binary/739.jpg,rust,0.00745473662391305
data/images/multispec_binary/740.jpg,rust,0.009393763728439808
data/images/multispec_binary/741.jpg,rust,0.2044851928949356
data/images/multispec_binary/742.jpg,rust,0.007859695702791214
data/images/multispec_binary/743.jpg,rust,0.004352439194917679
data/images/multispec_binary/744.jpg,rust,0.007600734010338783
data/images/multispec_binary/745.jpg,rust,0.004249866120517254
data/images/multispec_binary/746.jpg,rust,0.009596094489097595
data/images/multispec_binary/747.jpg,rust,0.028797226026654243
data/images/multispec_binary/748.jpg,rust,0.0024177234154194593
data/images/multispec_binary/749.jpg,rust,0.0024420353583991528
data/images/multispec_binary/750.jpg,rust,0.0013798709260299802
data/images/multispec_binary/751.jpg,rust,0.06837592273950577
data/images/multispec_binary/752.jpg,rust,0.17133048176765442
data/images/multispec_binary/753.jpg,rust,0.006170264910906553
data/images/multispec_binary/754.jpg,rust,0.019890952855348587
data/images/multispec_binary/755.jpg,rust,0.023602554574608803
data/images/multispec_binary/756.jpg,rust,0.005158551968634129
data/images/multispec_binary/757.jpg,rust,0.1350173056125641
data/images/multispec_binary/758.jpg,rust,0.010531558655202389
data/images/multispec_binary/759.jpg,rust,0.2699029743671417
data/images/multispec_binary/760.jpg,rust,0.014813244342803955
data/images/multispec_binary/761.jpg,rust,0.007667292840778828
data/images/multispec_binary/762.jpg,rust,0.004277717787772417
data/images/multispec_binary/763.jpg,rust,0.4934777319431305
data/images/multispec_binary/764.jpg,rust,0.00256543536670506
data/images/multispec_binary/765.jpg,rust,0.00654207170009613
data/images/multispec_binary/766.jpg,rust,0.26015782356262207
data/images/multispec_binary/767.jpg,rust,0.012616612017154694
data/images/multispec_binary/768.jpg,rust,0.07155229151248932
data/images/multispec_binary/769.jpg,rust,0.02831818163394928
data/images/multispec_binary/770.jpg,rust,0.0017459469381719828
data/images/multispec_binary/771.jpg,rust,0.008343437686562538
data/images/multispec_binary/772.jpg,rust,0.03370777517557144
data/images/multispec_binary/773.jpg,rust,0.09216587990522385
data/images/multispec_binary/774.jpg,rust,0.0010579386726021767
data/images/multispec_binary/775.jpg,rust,0.0025469008833169937
data/images/multispec_binary/776.jpg,rust,0.0002899921382777393
data/images/multispec_binary/777.jpg,rust,0.0029303852934390306
data/images/multispec_binary/778.jpg,rust,0.4915235936641693
data/images/multispec_binary/779.jpg,rust,0.34089475870132446
data/images/multispec_binary/780.jpg,rust,0.01321788877248764
data/images/multispec_binary/781.jpg,rust,0.0034039001911878586
data/images/multispec_binary/782.jpg,rust,0.03033381886780262
data/images/multispec_binary/783.jpg,rust,0.002948563313111663
data/images/multispec_binary/784.jpg,rust,0.0038719503208994865
data/images/multispec_binary/785.jpg,rust,0.0052499426528811455
data/images/multispec_binary/786.jpg,rust,0.008807128295302391
data/images/multispec_binary/787.jpg,rust,0.21003080904483795
data/images/multispec_binary/788.jpg,rust,0.012328228913247585
data/images/multispec_binary/789.jpg,rust,0.0513826347887516
data/images/multispec_binary/790.jpg,rust,6.590120028704405e-05
data/images/multispec_binary/791.jpg,rust,0.03692753612995148
data/images/multispec_binary/792.jpg,rust,0.01056690700352192
data/images/multispec_binary/793.jpg,rust,0.3431721031665802
data/images/multispec_binary/794.jpg,rust,0.19870702922344208
data/images/multispec_binary/795.jpg,rust,0.0011127399047836661
data/images/multispec_binary/796.jpg,rust,0.06537005305290222
data/images/multispec_binary/797.jpg,rust,0.048279039561748505
data/images/multispec_binary/798.jpg,rust,0.00032545794965699315
data/images/multispec_binary/799.jpg,rust,0.28173407912254333
data/images/multispec_binary/800.jpg,rust,0.020471258088946342
data/images/multispec_binary/801.jpg,rust,0.0012691105948761106
data/images/multispec_binary/802.jpg,rust,0.15519696474075317
data/images/multispec_binary/803.jpg,rust,0.2602955102920532
data/images/multispec_binary/804.jpg,rust,0.0008594199898652732
data/images/multispec_binary/805.jpg,rust,0.16016505658626556
data/images/multispec_binary/806.jpg,rust,0.0014696898870170116
data/images/multispec_binary/807.jpg,rust,0.2835538387298584
data/images/multispec_binary/808.jpg,rust,0.0007671325001865625
data/images/multispec_binary/809.jpg,rust,0.08278235048055649
data/images/multispec_binary/810.jpg,rust,0.01105978898704052
data/images/multispec_binary/811.jpg,rust,0.09620340168476105
data/images/multispec_binary/812.jpg,rust,0.017390524968504906
data/images/multispec_binary/813.jpg,rust,0.0035883921664208174
data/images/multispec_binary/814.jpg,rust,0.04522726684808731
data/images/multispec_binary/815.jpg,rust,0.0036360654048621655
data/images/multispec_binary/816.jpg,rust,0.012062360532581806
data/images/multispec_binary/817.jpg,rust,0.007940758019685745
data/images/multispec_binary/818.jpg,rust,0.009910497814416885
data/images/multispec_binary/819.jpg,rust,0.29771026968955994
data/images/multispec_binary/820.jpg,rust,0.012196710333228111
data/images/multispec_binary/821.jpg,rust,0.1550336331129074
data/images/multispec_binary/822.jpg,rust,0.000545149901881814
data/images/multispec_binary/823.jpg,rust,0.01925683207809925
data/images/multispec_binary/824.jpg,rust,0.00806444138288498
data/images/multispec_binary/825.jpg,rust,0.11770632863044739
data/images/multispec_binary/826.jpg,rust,0.04095781221985817
data/images/multispec_binary/827.jpg,rust,0.002467486308887601
data/images/multispec_binary/828.jpg,rust,0.0021969981025904417
data/images/multispec_binary/829.jpg,rust,0.10347725450992584
data/images/multispec_binary/830.jpg,rust,0.0016406025970354676
data/images/multispec_binary/831.jpg,rust,0.0028405925258994102
data/images/multispec_binary/832.jpg,rust,0.04705113172531128
data/images/multispec_binary/833.jpg,rust,0.00491083599627018
data/images/multispec_binary/834.jpg,rust,0.004296786617487669
data/images/multispec_binary/835.jpg,rust,0.004845723509788513
data/images/multispec_binary/836.jpg,rust,0.6597710251808167
data/images/multispec_binary/837.jpg,rust,0.015805115923285484
data/images/multispec_binary/838.jpg,rust,0.29017361998558044
data/images/multispec_binary/839.jpg,rust,0.0031294396612793207
data/images/multispec_binary/840.jpg,rust,0.03393326327204704
data/images/multispec_binary/841.jpg,rust,0.012458590790629387
data/images/multispec_binary/842.jpg,rust,0.051379550248384476
data/images/multispec_binary/843.jpg,rust,0.008470588363707066
data/images/multispec_binary/844.jpg,rust,6.066848072805442e-05
data/images/multispec_binary/845.jpg,rust,0.04233024641871452
data/images/multispec_binary/846.jpg,rust,0.030745208263397217
data/images/multispec_binary/847.jpg,rust,0.0005101963761262596
data/images/multispec_binary/848.jpg,rust,0.02669074572622776
data/images/multispec_binary/849.jpg,rust,0.2849583625793457
data/images/multispec_binary/850.jpg,rust,0.03730892017483711
data/images/multispec_binary/851.jpg,rust,0.005798928439617157
data/images/multispec_binary/852.jpg,rust,0.2882988750934601
data/images/multispec_binary/853.jpg,rust,0.015712158754467964
data/images/multispec_binary/854.jpg,rust,0.04547325521707535
data/images/multispec_binary/855.jpg,rust,0.012996180914342403
data/images/multispec_binary/856.jpg,rust,0.0001324708282481879
data/images/multispec_binary/857.jpg,rust,0.06377509236335754
data/images/multispec_binary/858.jpg,rust,0.0025842017494142056
data/images/multispec_binary/859.jpg,rust,0.00024848428438417614
data/images/multispec_binary/860.jpg,rust,0.019134702160954475
data/images/multispec_binary/861.jpg,rust,0.0025706032756716013
data/images/multispec_binary/862.jpg,rust,0.001517998636700213
data/images/multispec_binary/863.jpg,rust,0.008453928865492344
data/images/multispec_binary/864.jpg,rust,0.04737374931573868
data/images/multispec_binary/865.jpg,rust,0.0186300128698349
data/images/multispec_binary/866.jpg,rust,0.0034700536634773016
data/images/multispec_binary/867.jpg,rust,0.13517524302005768
data/images/multispec_binary/868.jpg,rust,0.024669544771313667
data/images/multispec_binary/869.jpg,rust,0.05394874885678291
data/images/multispec_binary/870.jpg,rust,0.005245685111731291
data/images/multispec_binary/871.jpg,rust,0.036321256309747696
data/images/multispec_binary/872.jpg,rust,0.8863166570663452
data/images/multispec_binary/873.jpg,rust,0.01955101080238819
data/images/multispec_binary/874.jpg,rust,0.19090674817562103
data/images/multispec_binary/875.jpg,rust,0.004660327918827534
data/images/multispec_binary/876.jpg,rust,0.005758839193731546
data/images/multispec_binary/877.jpg,rust,0.004349631257355213
data/images/multispec_binary/878.jpg,rust,0.09591864794492722
data/images/multispec_binary/879.jpg,rust,0.007899004966020584
data/images/multispec_binary/880.jpg,rust,0.016091328114271164
data/images/multispec_binary/881.jpg,rust,0.011624377220869064
data/images/multispec_binary/882.jpg,rust,0.00011754740262404084
data/images/multispec_binary/883.jpg,rust,0.04733337461948395
data/images/multispec_binary/884.jpg,rust,0.006331151816993952
data/images/multispec_binary/885.jpg,rust,0.005625511519610882
data/images/multispec_binary/886.jpg,rust,0.12805435061454773
data/images/multispec_binary/887.jpg,rust,0.0050047324039042
data/images/multispec_binary/888.jpg,rust,0.0028039871249347925
data/images/multispec_binary/889.jpg,rust,0.01548483595252037
data/images/multispec_binary/890.jpg,rust,0.018903207033872604
data/images/multispec_binary/891.jpg,rust,0.0011305968509986997
data/images/multispec_binary/892.jpg,rust,0.031752102077007294
data/images/multispec_binary/893.jpg,rust,0.0543845072388649
data/images/multispec_binary/894.jpg,rust,0.030375108122825623
data/images/multispec_binary/895.jpg,rust,0.00650108652189374
data/images/multispec_binary/896.jpg,rust,0.06547034531831741
data/images/multispec_binary/897.jpg,rust,0.0305941142141819
data/images/multispec_binary/898.jpg,rust,0.0013181745307520032
data/images/multispec_binary/899.jpg,rust,0.006523126736283302
data/images/multispec_binary/900.jpg,rust,0.059158582240343094
data/images/multispec_binary/901.jpg,rust,0.09907617419958115
data/images/multispec_binary/902.jpg,rust,0.0003810549096670002
data/images/multispec_binary/903.jpg,rust,0.002894743112847209
data/images/multispec_binary/904.jpg,rust,0.0010979913640767336
data/images/multispec_binary/905.jpg,rust,0.0014988039620220661
data/images/multispec_binary/906.jpg,rust,0.15288704633712769
data/images/multispec_binary/907.jpg,rust,0.004915385507047176
data/images/multispec_binary/908.jpg,rust,0.12366107851266861
data/images/multispec_binary/909.jpg,rust,0.4688120484352112
data/images/multispec_binary/910.jpg,rust,0.0011882387334480882
data/images/multispec_binary/911.jpg,rust,0.01688235066831112
data/images/multispec_binary/912.jpg,rust,0.0029135181102901697
data/images/multispec_binary/913.jpg,rust,0.0806422159075737
data/images/multispec_binary/914.jpg,rust,0.0013673431240022182
data/images/multispec_binary/915.jpg,rust,0.2980048656463623
data/images/multispec_binary/916.jpg,rust,0.012315376661717892
data/images/multispec_binary/917.jpg,rust,0.0461285300552845
data/images/multispec_binary/918.jpg,rust,0.0007530085858888924
data/images/multispec_binary/919.jpg,rust,0.007986032404005527
data/images/multispec_binary/920.jpg,rust,0.02431083656847477
data/images/multispec_binary/921.jpg,rust,0.07164032012224197
data/images/multispec_binary/922.jpg,rust,0.30992311239242554
data/images/multispec_binary/923.jpg,rust,0.00488084414973855
data/images/multispec_binary/924.jpg,rust,0.0009185253293253481
data/images/multispec_binary/925.jpg,rust,0.0004907731781713665
data/images/multispec_binary/926.jpg,rust,0.013936532661318779
data/images/multispec_binary/927.jpg,rust,0.07135031372308731
data/images/multispec_binary/928.jpg,rust,0.04572167247533798
data/images/multispec_binary/929.jpg,rust,0.0035077440552413464
data/images/multispec_binary/930.jpg,rust,0.3384888470172882
data/images/multispec_binary/931.jpg,rust,0.0616854727268219
data/images/multispec_binary/932.jpg,rust,0.0014960910193622112
data/images/multispec_binary/933.jpg,rust,0.003922698087990284
data/images/multispec_binary/934.jpg,rust,0.01401448156684637
data/images/multispec_binary/935.jpg,rust,2.0149967895122245e-05
data/images/multispec_binary/936.jpg,rust,0.017877424135804176
data/images/multispec_binary/937.jpg,rust,0.008273500949144363
data/images/multispec_binary/938.jpg,rust,0.17403431236743927
data/images/multispec_binary/939.jpg,rust,0.003250822192057967
data/images/multispec_binary/940.jpg,rust,0.09235364198684692
data/images/multispec_binary/941.jpg,rust,0.004370104521512985
data/images/multispec_binary/942.jpg,rust,0.0022844565100967884
data/images/multispec_binary/943.jpg,rust,0.006369540002197027
data/images/multispec_binary/944.jpg,rust,0.0036884185392409563
data/images/multispec_binary/945.jpg,rust,0.21606729924678802
data/images/multispec_binary/946.jpg,rust,0.3509591519832611
data/images/multispec_binary/947.jpg,rust,0.007231991272419691
data/images/multispec_binary/948.jpg,rust,0.13800577819347382
data/images/multispec_binary/949.jpg,rust,0.004669166635721922
data/images/multispec_binary/950.jpg,rust,0.8671937584877014
data/images/multispec_binary/951.jpg,rust,0.01915818080306053
data/images/multispec_binary/952.jpg,rust,0.023495646193623543
data/images/multispec_binary/953.jpg,rust,0.0005831879680044949
data/images/multispec_binary/954.jpg,rust,0.018856167793273926
data/images/multispec_binary/955.jpg,rust,0.39440444111824036
data/images/multispec_binary/956.jpg,rust,0.0020538964308798313
data/images/multispec_binary/957.jpg,rust,0.01389167457818985
data/images/multispec_binary/958.jpg,rust,0.06111276149749756
data/images/multispec_binary/959.jpg,rust,0.05812431499361992
data/images/multispec_binary/960.jpg,rust,0.009113075211644173
data/images/multispec_binary/961.jpg,rust,0.0008555333479307592
data/images/multispec_binary/962.jpg,rust,0.0015269744908437133
data/images/multispec_binary/963.jpg,rust,0.6857234239578247
data/images/multispec_binary/964.jpg,rust,0.0006265205447562039
data/images/multispec_binary/965.jpg,rust,0.00016757278353907168
data/images/multispec_binary/966.jpg,rust,0.0007097752531990409
data/images/multispec_binary/967.jpg,rust,0.27777862548828125
data/images/multispec_binary/968.jpg,rust,0.5921300649642944
data/images/multispec_binary/969.jpg,rust,0.8240098357200623
data/images/multispec_binary/970.jpg,rust,0.03918728232383728
data/images/multispec_binary/971.jpg,rust,0.019776005297899246
data/images/multispec_binary/972.jpg,rust,0.1605689972639084
data/images/multispec_binary/973.jpg,rust,0.062099505215883255
data/images/multispec_binary/974.jpg,rust,0.005183784756809473
data/images/multispec_binary/975.jpg,rust,0.7171244621276855
data/images/multispec_binary/976.jpg,rust,0.016320031136274338
data/images/multispec_binary/977.jpg,rust,0.6522046327590942
data/images/multispec_binary/978.jpg,rust,0.01464270893484354
data/images/multispec_binary/979.jpg,rust,0.0010645200964063406
data/images/multispec_binary/980.jpg,rust,0.0019473695429041982
data/images/multispec_binary/981.jpg,rust,0.0013767993077635765
data/images/multispec_binary/982.jpg,rust,0.011553863994777203
data/images/multispec_binary/983.jpg,rust,0.010143273510038853
data/images/multispec_binary/984.jpg,rust,0.0019783854950219393
data/images/multispec_binary/985.jpg,rust,0.0011923352722078562
data/images/multispec_binary/986.jpg,rust,0.004715960007160902
data/images/multispec_binary/987.jpg,rust,0.010391532443463802
data/images/multispec_binary/988.jpg,rust,0.017968785017728806
data/images/multispec_binary/989.jpg,rust,0.0027043118607252836
data/images/multispec_binary/990.jpg,rust,0.011458441615104675
data/images/multispec_binary/991.jpg,rust,0.210055410861969
data/images/multispec_binary/992.jpg,rust,0.006750957109034061
data/images/multispec_binary/993.jpg,rust,0.0007586138672195375
data/images/multispec_binary/994.jpg,rust,0.010473818518221378
data/images/multispec_binary/995.jpg,rust,0.03306181728839874
data/images/multispec_binary/996.jpg,rust,0.010071108117699623
data/images/multispec_binary/997.jpg,rust,0.3891819417476654
data/images/multispec_binary/998.jpg,rust,0.0020423042587935925
data/images/multispec_binary/999.jpg,rust,0.003141025546938181
data/images/multispec_binary/1000.jpg,rust,0.012515569105744362
data/images/multispec_binary/1001.jpg,rust,0.0018624000949785113
data/images/multispec_binary/1002.jpg,rust,0.008859866298735142
data/images/multispec_binary/1003.jpg,rust,0.003620416158810258
data/images/multispec_binary/1004.jpg,rust,0.1640724539756775
data/images/multispec_binary/1005.jpg,rust,0.00039037142414599657
data/images/multispec_binary/1006.jpg,rust,0.1460561454296112
data/images/multispec_binary/1007.jpg,rust,0.0068265656009316444
data/images/multispec_binary/1008.jpg,rust,0.010624787770211697
data/images/multispec_binary/1009.jpg,rust,0.8956440091133118
data/images/multispec_binary/1010.jpg,rust,0.019762294366955757
data/images/multispec_binary/1011.jpg,rust,0.5216903686523438
data/images/multispec_binary/1012.jpg,rust,0.5184829235076904
data/images/multispec_binary/1013.jpg,rust,0.006795267108827829
data/images/multispec_binary/1014.jpg,rust,0.009466695599257946
data/images/multispec_binary/1015.jpg,rust,0.022725678980350494
data/images/multispec_binary/1016.jpg,rust,0.00392338028177619
data/images/multispec_binary/1017.jpg,rust,0.011189226992428303
data/images/multispec_binary/1018.jpg,rust,0.00442103948444128
data/images/multispec_binary/1019.jpg,rust,0.014989962801337242
data/images/multispec_binary/1020.jpg,rust,0.0012398193357512355
data/images/multispec_binary/1021.jpg,rust,0.011279168538749218
data/images/multispec_binary/1022.jpg,rust,0.0018799823010340333
data/images/multispec_binary/1023.jpg,rust,0.03600248694419861
data/images/multispec_binary/1024.jpg,rust,0.004539282061159611
data/images/multispec_binary/1025.jpg,rust,0.01503304298967123
data/images/multispec_binary/1026.jpg,rust,0.004771344363689423
data/images/multispec_binary/1027.jpg,rust,0.0031759722623974085
data/images/multispec_binary/1028.jpg,rust,0.17501336336135864
data/images/multispec_binary/1029.jpg,rust,0.0132393604144454
data/images/multispec_binary/1030.jpg,rust,0.22550617158412933
data/images/multispec_binary/1031.jpg,rust,0.0004194361390545964
data/images/multispec_binary/1032.jpg,rust,0.6124685406684875
data/images/multispec_binary/1033.jpg,rust,0.00739312544465065
data/images/multispec_binary/1034.jpg,rust,0.008519396185874939
data/images/multispec_binary/1035.jpg,rust,0.021659212186932564
data/images/multispec_binary/1036.jpg,rust,0.005900525022298098
data/images/multispec_binary/1037.jpg,rust,0.0043379501439630985
data/images/multispec_binary/1038.jpg,rust,0.18855789303779602
data/images/multispec_binary/1039.jpg,rust,0.05720204859972
data/images/multispec_binary/1040.jpg,rust,0.006990016903728247
data/images/multispec_binary/1041.jpg,rust,0.2692471742630005
data/images/multispec_binary/1042.jpg,rust,0.03071042150259018
data/images/multispec_binary/1043.jpg,rust,0.009272032417356968
data/images/multispec_binary/1044.jpg,rust,0.01224946416914463
data/images/multispec_binary/1045.jpg,rust,0.0019040214829146862
data/images/multispec_binary/1046.jpg,rust,0.0004606230359058827
data/images/multispec_binary/1047.jpg,rust,0.0052235666662454605
data/images/multispec_binary/1048.jpg,rust,0.02193518355488777
data/images/multispec_binary/1049.jpg,rust,0.0006773995701223612
data/images/multispec_binary/1050.jpg,rust,0.005550677422434092
data/images/multispec_binary/1051.jpg,rust,0.002288657473400235
data/images/multispec_binary/1052.jpg,rust,0.29654058814048767
data/images/multispec_binary/1053.jpg,rust,0.09580820798873901
data/images/multispec_binary/1054.jpg,rust,0.0004732478701043874
data/images/multispec_binary/1055.jpg,rust,0.015664421021938324
data/images/multispec_binary/1056.jpg,rust,0.0021285691764205694
data/images/multispec_binary/1057.jpg,rust,0.003339179791510105
data/images/multispec_binary/1058.jpg,rust,0.0021533584222197533
data/images/multispec_binary/1059.jpg,rust,0.004783297888934612
data/images/multispec_binary/1060.jpg,rust,0.29588568210601807
data/images/multispec_binary/1061.jpg,rust,0.1189093142747879
data/images/multispec_binary/1062.jpg,rust,0.040773384273052216
data/images/multispec_binary/1063.jpg,rust,0.18669015169143677
data/images/multispec_binary/1064.jpg,rust,0.0002871351898647845
data/images/multispec_binary/1065.jpg,rust,0.04078340530395508
data/images/multispec_binary/1066.jpg,rust,0.0011334820883348584
data/images/multispec_binary/1067.jpg,rust,0.0036392908077687025
data/images/multispec_binary/1068.jpg,rust,0.09892649203538895
data/images/multispec_binary/1069.jpg,rust,0.0014994451776146889
data/images/multispec_binary/1070.jpg,rust,0.0009007955668494105
data/images/multispec_binary/1071.jpg,rust,0.0006371027557179332
data/images/multispec_binary/1072.jpg,rust,0.014980192296206951
data/images/multispec_binary/1073.jpg,rust,0.0055095124989748
data/images/multispec_binary/1074.jpg,rust,0.003213919000700116
data/images/multispec_binary/1075.jpg,rust,0.0033779640216380358
data/images/multispec_binary/1076.jpg,rust,0.00579443946480751
data/images/multispec_binary/1077.jpg,rust,0.24352501332759857
data/images/multispec_binary/1078.jpg,rust,0.00300160376355052
data/images/multispec_binary/1079.jpg,rust,0.00044988098670728505
data/images/multispec_binary/1080.jpg,rust,0.03591882437467575
data/images/multispec_binary/1081.jpg,rust,0.1650262326002121
data/images/multispec_binary/1082.jpg,rust,0.011698691174387932
data/images/multispec_binary/1083.jpg,rust,0.00405842624604702
data/images/multispec_binary/1084.jpg,rust,0.010505689308047295
data/images/multispec_binary/1085.jpg,rust,0.1748916655778885
data/images/multispec_binary/1086.jpg,rust,0.029414035379886627
data/images/multispec_binary/1087.jpg,rust,0.011678236536681652
data/images/multispec_binary/1088.jpg,rust,0.030652238056063652
data/images/multispec_binary/1089.jpg,rust,0.011636214330792427
data/images/multispec_binary/1090.jpg,rust,0.004378815647214651
data/images/multispec_binary/1091.jpg,rust,0.0006239883368834853
data/images/multispec_binary/1092.jpg,rust,0.00035044533433392644
data/images/multispec_binary/1093.jpg,rust,0.2703939378261566
data/images/multispec_binary/1094.jpg,rust,0.1255565732717514
data/images/multispec_binary/1095.jpg,rust,0.0027348038274794817
data/images/multispec_binary/1096.jpg,rust,0.905221700668335
data/images/multispec_binary/1097.jpg,rust,0.007556880358606577
data/images/multispec_binary/1098.jpg,rust,0.006607164163142443
data/images/multispec_binary/1099.jpg,rust,0.027648359537124634
data/images/multispec_binary/1100.jpg,rust,0.3089451491832733
data/images/multispec_binary/1101.jpg,rust,0.0017977635143324733
data/images/multispec_binary/1102.jpg,rust,0.0004503407108131796
data/images/multispec_binary/1103.jpg,rust,0.5231539607048035
data/images/multispec_binary/1104.jpg,rust,0.3800013065338135
data/images/multispec_binary/1105.jpg,rust,0.0010508002014830709
data/images/multispec_binary/1106.jpg,rust,0.008889473974704742
data/images/multispec_binary/1107.jpg,rust,0.0024848938919603825
data/images/multispec_binary/1108.jpg,rust,0.0010067382827401161
data/images/multispec_binary/1109.jpg,rust,0.1139189824461937
data/images/multispec_binary/1110.jpg,rust,0.4213729500770569
data/images/multispec_binary/1111.jpg,rust,0.002142678014934063
data/images/multispec_binary/1112.jpg,rust,0.0028679664246737957
data/images/multispec_binary/1113.jpg,rust,0.009794909507036209
data/images/multispec_binary/1114.jpg,rust,0.014155777171254158
data/images/multispec_binary/1115.jpg,rust,0.09385330229997635
data/images/multispec_binary/1116.jpg,rust,0.01246620249003172
data/images/multispec_binary/1117.jpg,rust,0.003160595428198576
data/images/multispec_binary/1118.jpg,rust,0.008054448291659355
data/images/multispec_binary/1119.jpg,rust,0.03734222427010536
